RL_Reward,RL_Final_Inventory
57.969999999999914,0
39.189999999999955,0
52.860000000000035,1
36.98499999999995,-1
53.89500000000003,1
60.869999999999976,0
49.539999999999864,0
57.009999999999955,2
26.27999999999989,1
28.960000000000008,0
46.25000000000004,0
73.68000000000019,-2
68.68,1
72.00500000000004,1
30.900000000000006,0
70.14499999999988,-1
38.890000000000036,2
73.20000000000017,0
60.8,0
51.37499999999999,1
58.440000000000026,0
32.999999999999936,1
26.270000000000024,0
57.985000000000106,1
68.93999999999988,0
54.83999999999991,1
63.69000000000019,-1
26.090000000000167,2
61.40000000000003,-1
33.31499999999999,1
77.52,1
41.81499999999996,-1
73.70500000000014,1
11.029999999999966,2
34.25000000000004,0
25.319999999999954,1
56.940000000000104,1
53.66499999999996,-1
45.150000000000006,0
46.440000000000026,0
28.294999999999977,1
58.50999999999987,2
40.43999999999992,1
55.12999999999994,0
23.679999999999982,1
42.58500000000006,1
56.46999999999998,1
46.074999999999996,1
28.71999999999993,1
38.02999999999997,0
56.14499999999986,1
28.590000000000003,0
33.299999999999926,0
30.41000000000004,0
83.28999999999967,0
50.33999999999998,1
45.05500000000014,-1
45.87500000000008,1
41.72499999999999,1
49.51499999999999,1
31.8,1
45.16000000000007,0
35.73999999999992,1
71.47000000000017,0
73.33500000000019,-1
37.83000000000007,0
48.660000000000075,2
43.56000000000008,-1
75.06999999999998,1
41.960000000000036,0
60.75000000000007,0
67.3999999999998,0
34.97999999999999,0
46.85000000000009,1
62.685000000000066,1
39.245000000000026,1
39.44999999999992,0
65.92999999999995,0
39.90999999999999,2
49.179999999999964,0
31.63000000000004,-1
63.71000000000002,0
57.70999999999995,0
41.84999999999998,0
40.51499999999998,-1
58.63999999999989,0
61.28999999999998,0
17.87999999999994,0
69.7,-1
69.53000000000004,0
41.55500000000014,-1
52.52999999999993,0
16.069999999999965,0
39.35000000000005,0
46.83000000000001,0
27.110000000000003,1
60.879999999999924,0
35.339999999999925,1
71.38999999999994,-2
65.40000000000023,0
72.15000000000005,0
75.46500000000007,1
67.6899999999999,0
66.20000000000012,2
59.1199999999999,1
69.12999999999998,-2
46.80000000000006,1
70.71999999999976,0
80.23500000000008,1
28.794999999999977,1
50.1950000000001,1
29.46499999999992,-1
73.3100000000002,0
31.499999999999908,2
45.49000000000004,0
58.00499999999997,3
41.98000000000003,0
55.47499999999999,1
42.14999999999996,0
43.33000000000004,0
41.82999999999995,2
58.80999999999996,0
51.499999999999964,2
43.13000000000012,0
36.319999999999936,0
48.13000000000002,2
24.224999999999913,1
34.98999999999992,1
43.39999999999995,0
43.120000000000026,1
22.43500000000002,1
26.245000000000022,1
65.78,0
47.584999999999916,1
58.30999999999987,-1
38.51499999999995,1
23.209999999999997,1
44.57000000000015,0
63.29999999999997,0
29.420000000000034,1
54.960000000000115,1
30.50000000000003,0
26.830000000000016,1
49.360000000000106,1
62.17499999999999,-1
31.75,0
34.560000000000045,0
45.069999999999986,-2
52.93999999999997,0
32.23999999999998,0
72.83999999999995,0
67.2399999999999,0
34.935000000000024,1
49.14000000000014,0
65.42999999999994,-2
17.230000000000032,0
46.840000000000195,1
23.37999999999998,0
20.635000000000094,1
26.57999999999994,0
44.74999999999996,0
19.67,0
15.300000000000045,-1
42.62000000000002,0
52.13000000000001,0
67.14999999999993,2
27.244999999999994,1
24.329999999999988,-1
59.4649999999999,1
44.63499999999997,1
54.370000000000076,0
37.80999999999999,0
54.55000000000011,0
54.62999999999997,0
41.69500000000006,1
52.06499999999982,-1
32.019999999999946,-2
52.59000000000002,0
29.269999999999996,0
41.97000000000003,0
63.25500000000013,-1
47.129999999999974,-1
62.52000000000004,0
55.200000000000095,-1
39.73000000000007,2
61.30000000000015,0
21.879999999999956,1
26.030000000000015,0
47.01000000000012,0
70.32000000000004,1
56.69000000000029,1
73.49000000000005,-1
24.550000000000068,0
71.80999999999986,0
31.76000000000001,1
34.07999999999991,0
57.535000000000075,1
57.83000000000004,0
44.84499999999995,1
57.02500000000003,1
35.915,1
38.84999999999999,-2
42.31000000000006,0
55.300000000000054,0
24.35500000000008,-1
36.96,1
34.26500000000002,1
64.04999999999997,1
45.69999999999996,0
34.93000000000006,1
38.76999999999998,0
49.98000000000005,0
43.16,0
49.73999999999986,1
74.8549999999999,1
20.830000000000027,0
58.61,0
66.03500000000007,1
87.47999999999992,1
42.11000000000007,0
43.73999999999997,0
35.23499999999995,-1
35.90500000000011,1
73.4499999999999,0
33.07000000000008,0
63.41999999999991,-1
33.22999999999996,0
50.57999999999997,0
55.210000000000115,-1
50.36000000000008,1
85.48000000000012,-2
40.28499999999995,-1
34.08999999999996,0
43.739999999999945,2
31.529999999999973,0
39.59500000000002,-1
44.13000000000001,0
31.569999999999986,2
67.28500000000018,1
88.70000000000009,0
35.709999999999944,2
68.11999999999995,0
38.26000000000006,0
29.49000000000004,1
17.815000000000072,1
36.68999999999997,0
18.83,0
46.60000000000002,0
69.48000000000003,-6
14.490000000000009,0
40.620000000000154,1
60.70000000000004,2
40.57999999999995,1
32.45999999999998,0
35.66999999999997,0
46.040000000000006,0
38.15000000000025,0
54.509999999999984,1
62.69000000000002,-1
47.74499999999997,1
41.96000000000013,1
50.46499999999987,-1
44.05000000000012,-1
33.78500000000002,1
26.424999999999887,1
33.725,1
47.20499999999992,-1
49.72500000000003,1
35.28500000000011,-3
48.29000000000003,1
42.860000000000014,0
67.77999999999993,2
45.809999999999874,0
37.30499999999993,1
39.56999999999998,0
34.36000000000006,2
39.890000000000036,1
59.71000000000016,-1
73.06000000000003,0
57.764999999999965,1
17.860000000000085,0
51.44500000000017,1
50.89000000000015,1
27.23000000000006,0
60.70999999999979,1
51.215000000000025,-1
25.74000000000007,1
20.714999999999964,1
65.15000000000015,0
41.459999999999994,0
41.20999999999997,1
73.67499999999983,-1
50.695000000000114,-1
40.260000000000076,0
45.08999999999989,0
50.74,2
48.959999999999965,0
46.42999999999996,1
44.0850000000001,1
52.08499999999997,1
51.3700000000002,0
28.854999999999865,1
91.79000000000006,0
51.470000000000134,1
50.04000000000008,0
31.56999999999997,-1
26.844999999999974,-1
42.1900000000001,0
22.519999999999985,-1
75.46000000000005,0
49.50000000000005,2
58.97500000000007,-1
60.02499999999991,-1
56.5849999999999,1
83.2299999999998,1
42.31000000000002,0
17.479999999999947,0
79.66500000000003,1
43.21500000000012,3
61.264999999999894,1
85.95000000000006,0
51.550000000000104,-1
52.00000000000008,-1
69.46999999999996,0
61.10000000000012,0
19.37999999999998,0
46.48499999999995,1
67.0099999999999,0
60.60000000000038,0
40.935000000000066,1
75.53999999999992,2
31.28000000000003,0
48.70999999999992,0
36.33999999999999,0
47.929999999999986,1
29.269999999999968,0
67.54999999999995,0
32.154999999999994,1
47.16999999999997,0
41.49999999999988,2
73.13999999999974,0
30.059999999999974,0
50.055000000000085,1
56.4000000000001,1
46.414999999999914,1
35.550000000000075,1
34.34500000000012,-1
23.069999999999997,-1
38.87999999999996,1
24.300000000000026,0
33.79500000000004,-1
50.29500000000005,-1
57.95000000000003,0
46.71,1
41.69000000000001,0
44.800000000000125,0
37.57000000000005,0
33.92999999999999,0
25.330000000000044,1
36.584999999999944,-1
48.90499999999992,-1
29.770000000000095,0
32.00499999999997,3
55.85499999999991,1
36.34499999999992,1
71.74499999999999,1
57.14500000000003,-1
30.035000000000057,1
41.36999999999997,2
21.48499999999996,1
40.130000000000024,0
36.35999999999998,-2
45.92999999999998,0
39.57000000000008,0
26.569999999999993,0
48.24999999999995,1
49.379999999999924,0
50.09000000000001,1
47.864999999999846,1
58.52000000000014,0
62.464999999999954,1
34.184999999999995,1
43.7549999999999,1
30.939999999999955,0
42.529999999999845,0
26.570000000000054,1
45.18999999999997,0
49.66999999999995,-1
62.10500000000027,-1
53.380000000000024,0
34.150000000000034,0
40.51000000000002,0
57.98000000000005,0
53.370000000000175,0
49.44000000000001,0
42.92999999999999,0
42.835,-1
71.63000000000011,0
22.659999999999986,1
62.884999999999984,1
36.17499999999992,1
53.809999999999974,0
46.16000000000002,-1
59.19000000000007,0
42.52999999999994,1
47.530000000000015,0
37.28000000000003,0
43.75000000000006,0
33.98500000000018,-1
43.12999999999996,-1
44.62500000000001,1
52.99500000000007,1
41.120000000000054,1
77.23500000000003,-1
30.174999999999915,-1
44.689999999999934,-1
43.67499999999996,1
65.23999999999991,0
27.440000000000012,0
35.7600000000001,1
36.019999999999996,0
52.47999999999993,0
44.86999999999996,0
32.48999999999997,0
27.650000000000112,-2
34.38500000000007,-1
74.38999999999994,0
36.06999999999992,0
39.92500000000016,1
67.25999999999992,1
39.68000000000008,0
37.36000000000009,1
34.57000000000005,0
79.73000000000002,-1
46.58999999999997,1
75.22999999999993,0
58.31500000000022,-1
64.15999999999994,0
50.40999999999995,1
43.85000000000004,0
30.949999999999864,1
79.87000000000018,0
48.21999999999995,1
48.07999999999991,0
44.08499999999997,-1
67.34000000000005,1
43.28999999999991,0
19.525000000000052,1
59.09999999999999,-2
54.940000000000005,1
50.39000000000008,1
45.95000000000004,1
36.80000000000008,0
63.36999999999994,-1
40.82000000000018,0
40.680000000000106,0
64.35000000000026,1
41.48000000000009,0
60.51000000000012,0
33.75499999999996,1
40.67999999999999,0
40.49,-1
47.78000000000013,0
35.68,1
46.18500000000001,1
24.500000000000043,0
25.430000000000053,-1
36.83999999999992,0
59.20999999999992,0
50.75000000000007,0
60.42000000000006,0
47.4500000000001,0
35.749999999999986,0
51.96000000000002,0
68.17499999999991,1
34.75000000000013,0
54.605000000000054,1
46.66999999999999,0
93.83499999999992,1
51.90999999999991,0
27.504999999999956,-1
33.73000000000005,0
106.31,2
43.8099999999999,0
26.880000000000038,0
37.34500000000002,1
50.49000000000005,0
47.8999999999999,1
80.7500000000001,1
49.81,0
48.21499999999994,-1
35.03000000000003,0
63.87499999999989,1
36.93000000000008,0
115.04000000000022,0
39.69500000000004,1
32.92000000000003,0
46.7500000000001,0
51.18500000000001,1
48.98000000000003,0
43.800000000000004,-1
23.32000000000008,0
48.475000000000044,-1
33.139999999999986,0
39.30500000000009,3
64.35000000000001,0
56.77500000000003,-1
46.750000000000014,0
50.06999999999991,0
35.45500000000006,-1
46.55000000000005,1
30.910000000000053,0
38.92000000000003,0
58.06000000000005,1
34.350000000000065,0
33.78500000000002,-1
29.069999999999965,0
54.01999999999998,0
37.20499999999996,1
34.70000000000008,1
23.64499999999997,-1
28.540000000000035,0
46.76500000000011,1
29.740000000000066,0
29.99499999999995,1
18.774999999999952,1
73.75999999999998,1
49.56000000000001,1
40.7400000000001,1
36.590000000000146,0
46.1299999999999,1
58.29500000000014,1
76.0000000000001,0
39.659999999999954,0
34.5299999999999,0
54.520000000000095,0
42.94999999999998,1
55.50500000000016,1
43.24,1
42.840000000000025,1
59.91999999999986,0
42.40000000000001,1
50.59999999999991,0
51.27500000000014,1
47.950000000000124,-1
40.3049999999999,1
26.33500000000001,1
22.339999999999975,0
18.78000000000006,1
26.62499999999996,-1
42.00999999999994,1
52.91000000000004,0
50.99000000000003,1
57.46000000000008,0
47.815000000000104,-1
44.33000000000004,0
43.51000000000001,1
65.34999999999994,0
33.220000000000056,0
66.00499999999998,1
54.240000000000116,1
65.44000000000003,1
39.899999999999935,0
49.21000000000007,1
91.6800000000001,1
41.87,2
49.98000000000005,0
57.409999999999926,0
37.970000000000134,-1
28.81000000000009,1
37.484999999999864,1
40.41999999999989,0
43.78000000000005,-1
44.580000000000005,-2
44.25000000000006,0
17.609999999999975,1
26.199999999999974,0
25.340000000000007,-1
44.88,-1
51.83499999999999,-1
49.81500000000006,1
66.6750000000001,1
85.40999999999981,0
77.18999999999994,0
37.629999999999974,1
74.72999999999988,0
51.49999999999977,0
59.179999999999986,1
43.499999999999964,2
35.20999999999998,0
37.120000000000054,-1
71.76000000000003,1
49.96000000000001,0
62.57000000000011,0
42.72000000000004,0
51.60000000000007,2
29.089999999999932,0
49.18499999999995,1
33.69999999999993,0
71.41499999999999,1
49.859999999999836,1
49.83000000000001,0
32.60999999999992,1
31.98000000000006,0
20.66999999999993,0
57.770000000000095,0
19.260000000000034,0
26.82999999999997,0
26.72999999999999,0
16.77,1
46.959999999999944,1
65.98500000000008,-1
57.139999999999915,0
30.429999999999925,1
33.60499999999981,-1
23.29000000000002,0
58.22000000000002,-1
39.67000000000003,0
36.15499999999995,1
34.5000000000001,0
27.80000000000001,0
24.350000000000065,0
35.71999999999999,1
60.054999999999886,1
62.71999999999994,0
44.65000000000002,0
44.53000000000002,-1
36.03499999999999,1
32.79499999999991,1
22.329999999999973,-1
50.84000000000013,0
79.9200000000001,0
52.87499999999998,1
44.35000000000013,1
48.170000000000016,0
64.61,2
49.96999999999998,1
32.504999999999974,-1
20.40999999999999,2
43.750000000000014,0
67.19999999999997,1
31.57500000000002,1
79.3,0
76.3699999999999,-1
61.070000000000064,0
66.84000000000007,0
58.459999999999994,0
84.02500000000012,-3
54.959999999999916,1
31.870000000000033,0
39.709999999999944,2
39.959999999999994,0
17.670000000000016,0
55.48500000000001,-1
48.769999999999875,1
80.01500000000003,-1
39.56000000000011,1
58.12000000000008,1
36.10000000000009,-1
59.29999999999972,1
35.60999999999999,1
27.70999999999998,0
49.485000000000035,-1
44.745000000000026,1
44.63000000000012,0
31.5050000000001,1
22.989999999999927,-1
36.86000000000002,1
78.4149999999999,-1
70.76000000000005,0
25.354999999999965,1
51.699999999999854,-1
32.43000000000002,0
36.38999999999998,1
52.6699999999999,0
68.21999999999998,-1
53.52999999999997,0
31.91999999999998,2
45.63000000000001,0
77.79000000000018,0
68.99000000000002,-2
67.70499999999998,1
43.70999999999992,0
53.69000000000011,0
49.7900000000001,-2
59.20999999999995,0
89.91999999999976,1
52.509999999999906,3
70.17500000000008,1
27.140000000000004,1
68.15000000000009,0
35.03999999999998,0
22.850000000000072,2
54.63500000000001,1
81.26999999999975,0
61.75000000000007,0
83.45500000000008,1
62.56999999999991,0
64.84999999999985,0
58.424999999999976,1
31.44999999999996,0
55.570000000000086,1
55.55000000000009,2
44.36999999999996,0
45.75999999999996,0
55.16999999999999,0
37.650000000000105,0
56.629999999999896,0
62.40999999999994,0
30.039999999999985,2
54.240000000000094,0
48.090000000000046,0
52.54500000000014,1
37.20500000000006,1
36.52999999999994,1
52.569999999999986,1
73.53999999999988,0
45.125000000000064,1
58.684999999999924,1
28.15499999999992,-1
44.28000000000003,0
24.354999999999965,1
32.97999999999999,0
46.06499999999986,1
36.94000000000007,0
40.460000000000036,0
50.6400000000001,0
49.059999999999874,0
38.610000000000035,-1
62.36499999999989,1
58.9149999999999,1
54.77999999999993,0
50.67999999999989,0
65.925,1
44.99999999999996,0
45.43499999999998,1
42.790000000000006,0
28.330000000000087,1
45.1400000000001,0
61.39999999999999,0
29.60000000000018,0
30.22999999999999,0
25.560000000000006,1
61.38000000000005,0
50.49999999999993,0
38.68999999999999,1
32.814999999999934,1
34.00000000000002,-1
51.11000000000009,2
43.480000000000004,0
46.27999999999999,0
57.77999999999987,0
121.04499999999997,1
30.030000000000033,1
35.18499999999998,-1
66.24999999999987,1
51.56000000000006,0
62.33999999999996,0
38.13999999999996,0
60.70500000000002,1
36.09500000000005,1
35.16999999999988,1
63.75000000000008,2
54.749999999999964,-2
63.609999999999985,0
58.51499999999999,1
41.40000000000002,0
66.99999999999984,0
27.029999999999934,-1
29.645000000000056,-1
25.780000000000044,0
40.20499999999998,1
63.26999999999991,0
46.94000000000017,0
44.46000000000009,0
32.82999999999993,0
28.74999999999999,1
20.979999999999993,1
78.57000000000001,0
58.02999999999993,0
34.48499999999998,-1
69.92999999999974,-2
43.30000000000012,1
36.97000000000009,1
58.22,0
38.320000000000036,0
38.53999999999999,0
30.259999999999934,0
14.930000000000021,0
37.869999999999976,0
34.67500000000003,-1
44.26999999999993,-1
65.41000000000011,1
49.48999999999997,0
28.409999999999997,0
88.2100000000001,0
43.99499999999991,-1
66.91000000000001,0
43.314999999999934,1
91.20500000000014,-1
50.85999999999986,0
32.2900000000001,2
26.390000000000015,0
80.21500000000012,3
20.619999999999994,1
95.63500000000029,1
30.389999999999958,0
26.82500000000005,1
59.585000000000115,-1
73.24000000000002,1
21.970000000000084,0
27.534999999999958,1
35.77999999999996,0
93.03000000000023,0
27.820000000000068,1
30.609999999999957,0
65.70999999999997,-2
50.074999999999996,1
46.71,2
109.94000000000001,0
53.44000000000006,-1
67.27999999999989,0
31.950000000000003,0
50.86500000000009,-1
73.64999999999984,0
52.169999999999916,0
28.910000000000124,0
47.42999999999988,0
36.085,1
51.66000000000013,2
49.63999999999993,0
59.794999999999995,-1
33.81999999999996,2
21.000000000000085,0
57.529999999999916,0
53.90999999999988,0
44.56000000000007,0
33.45000000000001,1
30.475000000000012,-1
46.25499999999992,1
90.78500000000001,1
35.67500000000016,1
31.58999999999998,1
35.15000000000004,1
71.27000000000002,-1
29.829999999999984,0
42.25000000000008,1
52.12999999999999,1
52.040000000000205,0
37.90499999999998,1
35.75999999999999,0
46.30999999999991,2
28.715000000000007,1
47.43999999999985,1
22.750000000000078,2
37.32999999999988,1
31.220000000000017,1
34.02999999999997,0
32.949999999999946,0
59.07999999999992,1
67.65499999999999,-1
37.755000000000045,1
52.29499999999998,1
34.37,1
52.440000000000076,1
72.43999999999994,0
73.11999999999995,1
78.27999999999993,2
88.19000000000013,0
29.670000000000062,1
42.51000000000014,1
58.28999999999994,1
64.31499999999978,1
32.60999999999997,0
36.75999999999999,0
34.49999999999994,0
47.660000000000096,0
43.339999999999975,0
24.645,1
49.080000000000126,0
53.85499999999998,-1
44.89000000000004,0
28.379999999999967,0
60.15999999999994,0
46.779999999999944,0
63.83000000000007,-3
66.25999999999995,0
58.33499999999999,1
50.94000000000006,1
47.23999999999997,0
43.12499999999991,1
57.31000000000003,0
40.38999999999997,0
53.290000000000006,0
42.84500000000006,1
60.62999999999991,0
56.109999999999964,1
47.589999999999925,-1
42.735000000000035,1
74.64000000000013,0
52.62000000000003,0
54.7300000000001,0
17.330000000000002,1
47.04000000000006,0
32.999999999999844,0
27.91000000000007,1
55.72999999999985,0
67.84,0
23.72999999999998,-1
45.7549999999999,-1
43.769999999999925,0
58.94999999999977,1
22.75000000000007,0
56.50000000000003,0
44.09000000000004,1
49.98000000000001,1
43.92000000000009,0
63.12999999999991,-3
61.06999999999984,0
44.85499999999998,1
30.934999999999977,-1
33.53000000000002,2
46.88999999999998,2
47.58999999999988,2
73.30499999999991,-1
69.51500000000009,1
38.619999999999884,1
58.59999999999988,0
42.33999999999996,0
73.84999999999995,1
14.919999999999979,-1
38.399999999999984,-1
46.360000000000035,-1
54.55000000000009,2
26.910000000000156,1
49.575000000000095,1
28.19999999999996,0
71.21000000000005,0
32.22999999999998,-1
28.900000000000095,1
50.84000000000005,2
32.840000000000046,0
25.159999999999958,1
26.160000000000043,1
37.87999999999998,0
28.119999999999923,1
53.85000000000005,0
48.66500000000001,1
38.58999999999998,1
46.029999999999994,2
51.39999999999996,0
25.270000000000053,0
50.72999999999986,0
48.89500000000012,1
31.954999999999973,-1
45.04499999999998,-1
46.930000000000085,2
39.10999999999988,1
45.23999999999996,1
62.07000000000016,1
61.39499999999989,1
48.65000000000002,0
34.620000000000026,-1
37.520000000000145,2
55.41500000000001,-1
59.14999999999998,0
57.329999999999835,-2
77.12500000000004,-1
32.05000000000001,0
35.27000000000001,0
60.139999999999894,2
25.200000000000074,0
36.67999999999998,-3
58.16499999999983,-1
32.91000000000007,0
58.98000000000006,0
45.32000000000003,1
78.97500000000012,1
65.67500000000008,-1
35.41500000000001,1
50.250000000000014,0
54.43999999999998,0
45.669999999999845,0
53.18500000000011,-1
59.08500000000004,1
45.20500000000006,-1
52.05000000000003,-2
43.89000000000001,2
42.484999999999964,1
78.66999999999996,-1
28.17999999999995,0
56.164999999999985,1
46.300000000000026,0
69.44000000000023,0
53.79500000000002,1
26.490000000000013,1
67.12999999999995,1
18.694999999999997,1
37.719999999999914,0
28.580000000000062,2
